timestamp,open,high,low,close,volume
2022-11-21 05:00:00+00:00,175.74,176.75,167.55,167.91,1621135.0
2022-11-22 05:00:00+00:00,168.47,170.81,166.19,169.87,1399962.0
2022-11-23 05:00:00+00:00,173.69,183.61,172.52,183.29,1585331.0
2022-11-25 05:00:00+00:00,184.95,184.95,180.69,182.95,648071.0
2022-11-28 05:00:00+00:00,179.36,188.47,179.08,182.93,948286.0
2022-11-29 05:00:00+00:00,184.98,186.37,178.8,180.86,977909.0
2022-11-30 05:00:00+00:00,182.5,194.73,180.66,194.7,1623852.0
2022-12-01 05:00:00+00:00,197.06,198.87,191.83,194.8,1484949.0
2022-12-02 05:00:00+00:00,191.76,196.18,191.14,194.88,942402.0
2022-12-05 05:00:00+00:00,189.31,191.18,180.65,182.5,1151562.0
2022-12-06 05:00:00+00:00,181.23,183.64,175.35,179.84,1248250.0
2022-12-07 05:00:00+00:00,175.0,179.36,172.23,173.96,1020736.0
2022-12-08 05:00:00+00:00,172.02,175.18,169.07,173.4,1480080.0
2022-12-09 05:00:00+00:00,173.61,182.5,173.36,179.02,1420065.0
2022-12-12 05:00:00+00:00,175.83,177.36,167.54,167.75,1334208.0
2022-12-13 05:00:00+00:00,174.92,174.94,156.94,160.98,2262941.0
2022-12-14 05:00:00+00:00,159.59,161.59,155.33,156.825,2444279.0
2022-12-15 05:00:00+00:00,153.38,160.87,153.31,157.78,1603284.0
2022-12-16 05:00:00+00:00,159.57,160.9,150.05,150.175,1621587.0
2022-12-19 05:00:00+00:00,154.005,155.225,145.84,149.875,2135645.0
2022-12-20 05:00:00+00:00,146.055,148.46,137.68,137.765,1917309.0
2022-12-21 05:00:00+00:00,139.39,141.25,135.9,137.48,2674391.0
2022-12-22 05:00:00+00:00,135.89,136.56,122.31,125.35,2782335.0
2022-12-23 05:00:00+00:00,126.445,128.58,121.05,123.13,4999128.0
2022-12-27 05:00:00+00:00,117.56,119.655,108.76,109.075,3985057.0
2022-12-28 05:00:00+00:00,110.34,116.21,108.31,112.72,2799630.0
2022-12-29 05:00:00+00:00,120.36,123.56,117.5,121.82,1829723.0
2022-12-30 05:00:00+00:00,119.955,124.43,119.78,123.22,1155255.0
2023-01-03 05:00:00+00:00,118.28,118.8,104.66,108.045,2387826.0
2023-01-04 05:00:00+00:00,109.15,114.57,107.62,113.66,1347852.0
2023-01-05 05:00:00+00:00,110.24,111.71,107.18,110.36,1129742.0
2023-01-06 05:00:00+00:00,102.9,114.38,101.87,113.01,2237225.0
2023-01-09 05:00:00+00:00,118.98,123.5,117.15,119.79,1832023.0
2023-01-10 05:00:00+00:00,121.1,122.75,114.97,118.85,1447251.0
2023-01-11 05:00:00+00:00,122.09,125.91,120.52,123.24,1499863.0
2023-01-12 05:00:00+00:00,122.62,124.09,117.045,123.52,1289116.0
2023-01-13 05:00:00+00:00,116.6,122.62,115.6,122.42,1590015.0
2023-01-17 05:00:00+00:00,125.74,131.69,125.02,131.48,1759771.0
2023-01-18 05:00:00+00:00,136.59,136.65,127.01,128.75,1927702.0
2023-01-19 05:00:00+00:00,127.3,129.99,124.31,127.14,1337094.0
2023-01-20 05:00:00+00:00,128.63,133.5,127.4,133.44,1035227.0
2023-01-23 05:00:00+00:00,135.82,145.31,134.32,143.81,1618161.0
2023-01-24 05:00:00+00:00,143.04,146.4,141.13,143.97,961116.0
2023-01-25 05:00:00+00:00,141.825,146.41,138.08,144.51,1468126.0
2023-01-26 05:00:00+00:00,159.96,161.38,154.8,160.29,2575211.0
2023-01-27 05:00:00+00:00,162.48,180.67,161.21,177.85,2761180.0
2023-01-30 05:00:00+00:00,178.05,179.73,166.5,166.71,2345943.0
2023-01-31 05:00:00+00:00,164.54,174.26,162.82,173.2,1564171.0
2023-02-01 05:00:00+00:00,173.89,183.78,169.95,181.32,1374243.0
2023-02-02 05:00:00+00:00,187.33,196.72,182.63,188.41,2022179.0
2023-02-03 05:00:00+00:00,184.2,198.99,183.795,189.95,1818400.0
2023-02-06 05:00:00+00:00,193.08,197.44,190.01,194.81,1227236.0
2023-02-07 05:00:00+00:00,196.56,197.48,189.56,196.8,1124347.0
2023-02-08 05:00:00+00:00,196.1,202.87,194.42,201.31,1314985.0
2023-02-09 05:00:00+00:00,207.79,214.0,204.78,207.33,1899933.0
2023-02-10 05:00:00+00:00,202.2,206.2,192.92,196.82,1757983.0
2023-02-13 05:00:00+00:00,194.36,196.28,187.61,194.65,1375524.0
2023-02-14 05:00:00+00:00,191.8,209.725,189.48,209.27,1490581.0
2023-02-15 05:00:00+00:00,211.77,214.65,206.19,214.15,1526898.0
2023-02-16 05:00:00+00:00,210.755,217.585,201.845,202.0,1477993.0
2023-02-17 05:00:00+00:00,200.0,208.41,197.51,208.41,1276019.0
2023-02-21 05:00:00+00:00,204.7,209.67,197.28,197.35,1137346.0
2023-02-22 05:00:00+00:00,197.765,201.98,191.805,200.93,1173515.0
2023-02-23 05:00:00+00:00,204.055,205.03,196.41,202.07,1067971.0
2023-02-24 05:00:00+00:00,196.13,197.65,192.8,196.89,822429.0
2023-02-27 05:00:00+00:00,202.08,209.35,201.305,207.63,1069674.0
2023-02-28 05:00:00+00:00,210.66,211.22,203.75,205.815,1243930.0
2023-03-01 05:00:00+00:00,206.12,207.2,198.68,202.8,866777.0
2023-03-02 05:00:00+00:00,186.74,193.62,186.02,190.96,1721880.0
2023-03-03 05:00:00+00:00,194.94,200.48,192.89,197.76,1084469.0
2023-03-06 05:00:00+00:00,198.52,198.58,192.3,193.8,877196.0
2023-03-07 05:00:00+00:00,191.11,194.18,186.13,187.7,1090883.0
2023-03-08 05:00:00+00:00,184.54,186.45,180.0,182.01,1132342.0
2023-03-09 05:00:00+00:00,180.3,185.1,172.53,172.9,1158500.0
2023-03-10 05:00:00+00:00,175.055,178.25,168.44,173.44,1576775.0
2023-03-13 04:00:00+00:00,167.47,177.34,163.96,174.46,1328395.0
2023-03-14 04:00:00+00:00,177.44,183.73,177.175,183.27,1327855.0
2023-03-15 04:00:00+00:00,180.885,182.31,176.12,180.51,1128110.0
2023-03-16 04:00:00+00:00,180.41,185.77,178.91,184.07,1051489.0
2023-03-17 04:00:00+00:00,184.515,186.03,177.33,180.09,1020838.0
2023-03-20 04:00:00+00:00,178.07,186.41,176.415,183.23,785555.0
2023-03-21 04:00:00+00:00,188.45,197.98,188.08,197.53,1167756.0
2023-03-22 04:00:00+00:00,199.13,200.65,190.95,191.0,1313868.0
2023-03-23 04:00:00+00:00,195.265,199.31,188.685,192.27,990780.0
2023-03-24 04:00:00+00:00,191.72,192.28,187.195,190.4,1035260.0
2023-03-27 04:00:00+00:00,194.575,197.35,190.02,191.82,666148.0
2023-03-28 04:00:00+00:00,191.94,192.3,185.45,189.21,775825.0
2023-03-29 04:00:00+00:00,193.13,195.18,189.47,193.86,731284.0
2023-03-30 04:00:00+00:00,195.69,197.25,194.5,195.28,707946.0
2023-03-31 04:00:00+00:00,197.37,207.78,197.27,207.41,1290473.0
2023-04-03 04:00:00+00:00,199.79,202.655,192.21,194.75,1224166.0
2023-04-04 04:00:00+00:00,197.35,198.63,190.34,192.66,804973.0
2023-04-05 04:00:00+00:00,190.37,190.59,183.85,185.51,865253.0
2023-04-06 04:00:00+00:00,182.71,186.38,179.84,185.04,646333.0
2023-04-10 04:00:00+00:00,179.83,185.08,176.16,184.5,859990.0
2023-04-11 04:00:00+00:00,186.67,189.17,185.67,186.81,897539.0
2023-04-12 04:00:00+00:00,190.95,191.57,180.35,180.54,1226691.0
2023-04-13 04:00:00+00:00,182.95,186.44,181.06,185.87,953635.0
2023-04-14 04:00:00+00:00,183.88,186.23,182.035,185.01,839148.0
2023-04-17 04:00:00+00:00,186.43,189.68,182.74,187.0,742105.0
2023-04-18 04:00:00+00:00,187.15,187.675,183.615,184.31,642916.0
2023-04-19 04:00:00+00:00,179.13,183.49,177.75,180.48,1189465.0
2023-04-20 04:00:00+00:00,166.19,169.48,160.57,162.99,2374790.0
2023-04-21 04:00:00+00:00,164.805,165.995,161.34,165.035,1031254.0
2023-04-24 04:00:00+00:00,164.64,165.64,158.61,162.56,956833.0
2023-04-25 04:00:00+00:00,159.835,163.45,158.81,160.64,870153.0
2023-04-26 04:00:00+00:00,160.2,160.61,153.18,153.67,1428357.0
2023-04-27 04:00:00+00:00,152.59,160.45,152.42,160.15,1058849.0
2023-04-28 04:00:00+00:00,160.83,165.0,157.34,164.35,922081.0
2023-05-01 04:00:00+00:00,163.23,163.24,158.84,161.81,659808.0
2023-05-02 04:00:00+00:00,162.045,165.46,158.985,160.29,846606.0
2023-05-03 04:00:00+00:00,160.01,165.0,159.96,160.58,810824.0
2023-05-04 04:00:00+00:00,162.725,162.93,159.67,161.23,639012.0
2023-05-05 04:00:00+00:00,164.09,170.75,163.56,170.085,836533.0
2023-05-08 04:00:00+00:00,173.69,173.69,169.25,171.83,716698.0
2023-05-09 04:00:00+00:00,168.71,169.8,166.62,169.15,532224.0
2023-05-10 04:00:00+00:00,172.52,174.35,166.7,168.54,802607.0
2023-05-11 04:00:00+00:00,168.705,173.55,166.82,172.06,662151.0
2023-05-12 04:00:00+00:00,176.13,177.34,167.255,167.97,1187252.0
2023-05-15 04:00:00+00:00,167.6,169.66,164.56,166.4,467231.0
2023-05-16 04:00:00+00:00,165.69,169.46,164.48,166.52,548078.0
2023-05-17 04:00:00+00:00,168.345,174.47,167.26,173.79,735890.0
2023-05-18 04:00:00+00:00,174.22,177.06,172.52,176.95,625014.0
2023-05-19 04:00:00+00:00,177.07,181.94,176.35,180.14,908055.0
2023-05-22 04:00:00+00:00,180.885,189.31,180.16,188.95,848410.0
2023-05-23 04:00:00+00:00,186.49,192.95,185.27,185.79,958252.0
2023-05-24 04:00:00+00:00,182.23,184.17,178.235,182.9,792431.0
2023-05-25 04:00:00+00:00,186.54,186.78,180.65,184.43,671485.0
2023-05-26 04:00:00+00:00,184.62,198.59,184.57,193.2,1213724.0
2023-05-30 04:00:00+00:00,200.09,204.45,197.64,201.16,917562.0
2023-05-31 04:00:00+00:00,199.83,203.935,195.21,203.88,1018943.0
2023-06-01 04:00:00+00:00,202.55,209.79,199.38,207.49,1220618.0
2023-06-02 04:00:00+00:00,210.02,217.23,209.785,213.96,1031035.0
2023-06-05 04:00:00+00:00,217.84,221.23,214.76,217.62,859501.0
2023-06-06 04:00:00+00:00,216.05,221.9,212.56,221.42,794635.0
2023-06-07 04:00:00+00:00,228.09,230.81,223.24,224.59,1065013.0
2023-06-08 04:00:00+00:00,224.13,235.23,223.07,234.85,843667.0
2023-06-09 04:00:00+00:00,249.02,252.3,242.03,244.42,1371778.0
2023-06-12 04:00:00+00:00,247.96,250.895,244.71,249.88,796125.0
2023-06-13 04:00:00+00:00,253.5,259.63,251.35,258.69,781286.0
2023-06-14 04:00:00+00:00,260.21,261.55,250.55,256.78,958493.0
2023-06-15 04:00:00+00:00,248.36,258.88,247.3,256.02,677418.0
2023-06-16 04:00:00+00:00,259.02,263.58,257.27,260.41,919753.0
2023-06-20 04:00:00+00:00,261.57,274.745,261.13,274.43,808952.0
2023-06-21 04:00:00+00:00,274.98,276.94,257.79,259.44,1342959.0
2023-06-22 04:00:00+00:00,250.51,264.76,248.29,264.58,1450027.0
2023-06-23 04:00:00+00:00,259.13,262.42,252.85,256.5,1009011.0
2023-06-26 04:00:00+00:00,250.05,258.335,240.72,241.02,1084192.0
2023-06-27 04:00:00+00:00,243.08,250.38,240.92,250.14,817581.0
2023-06-28 04:00:00+00:00,249.73,259.83,248.94,256.35,782034.0
2023-06-29 04:00:00+00:00,257.99,260.61,253.695,257.53,512641.0
2023-06-30 04:00:00+00:00,260.65,264.4,260.03,261.73,540291.0
2023-07-03 04:00:00+00:00,276.53,284.24,275.28,279.9,707757.0
2023-07-05 04:00:00+00:00,279.0,283.84,277.62,282.465,668310.0
2023-07-06 04:00:00+00:00,278.09,279.7,272.89,276.61,557957.0
2023-07-07 04:00:00+00:00,278.41,280.65,273.82,274.44,552676.0
2023-07-10 04:00:00+00:00,276.51,277.39,265.1,269.49,676220.0
2023-07-11 04:00:00+00:00,268.63,270.89,266.5,269.84,584728.0
2023-07-12 04:00:00+00:00,276.31,276.4,271.5,271.99,663629.0
2023-07-13 04:00:00+00:00,274.61,279.4,270.64,277.9,497146.0
2023-07-14 04:00:00+00:00,277.01,285.3,276.45,281.39,620245.0
2023-07-17 04:00:00+00:00,286.73,292.15,283.63,290.33,584520.0
2023-07-18 04:00:00+00:00,290.24,295.21,286.08,293.26,570523.0
2023-07-19 04:00:00+00:00,296.05,299.25,289.57,291.2,838129.0
2023-07-20 04:00:00+00:00,279.48,280.93,261.2,263.02,1248437.0
2023-07-21 04:00:00+00:00,267.94,268.0,255.81,259.84,1016216.0
2023-07-24 04:00:00+00:00,255.77,269.74,254.17,269.12,680258.0
2023-07-25 04:00:00+00:00,272.51,272.82,265.0,265.235,537963.0
2023-07-26 04:00:00+00:00,263.155,268.0,261.81,264.3,389446.0
2023-07-27 04:00:00+00:00,268.39,269.07,255.305,255.73,588463.0
2023-07-28 04:00:00+00:00,259.89,267.23,258.26,266.54,628368.0
2023-07-31 04:00:00+00:00,267.45,269.01,263.88,267.53,339673.0
2023-08-01 04:00:00+00:00,266.25,266.415,260.29,261.1,345514.0
2023-08-02 04:00:00+00:00,255.53,259.405,250.545,254.325,517157.0
2023-08-03 04:00:00+00:00,252.05,260.475,252.05,259.31,405821.0
2023-08-04 04:00:00+00:00,261.05,264.67,253.13,253.76,645687.0
2023-08-07 04:00:00+00:00,251.62,253.545,242.88,251.44,515131.0
2023-08-08 04:00:00+00:00,247.605,250.88,245.08,249.72,391164.0
2023-08-09 04:00:00+00:00,250.97,250.99,241.91,242.08,395024.0
2023-08-10 04:00:00+00:00,245.5,251.74,243.055,245.38,537099.0
2023-08-11 04:00:00+00:00,241.77,243.74,238.2,242.58,534105.0
2023-08-14 04:00:00+00:00,235.55,240.65,233.79,239.8,479188.0
2023-08-15 04:00:00+00:00,238.76,240.44,232.615,232.88,416076.0
2023-08-16 04:00:00+00:00,228.01,233.7,225.445,225.59,577092.0
2023-08-17 04:00:00+00:00,226.11,226.63,218.84,219.22,501763.0
2023-08-18 04:00:00+00:00,214.07,217.53,212.46,215.485,782957.0
2023-08-21 04:00:00+00:00,221.55,232.08,220.62,231.24,792477.0
2023-08-22 04:00:00+00:00,240.27,240.65,229.63,233.26,620834.0
2023-08-23 04:00:00+00:00,229.35,238.93,229.325,236.805,584901.0
2023-08-24 04:00:00+00:00,238.7,238.855,228.335,230.04,471519.0
2023-08-25 04:00:00+00:00,231.35,238.92,230.44,238.56,508290.0
2023-08-28 04:00:00+00:00,242.71,244.37,235.35,238.76,503883.0
2023-08-29 04:00:00+00:00,238.55,257.41,237.835,257.2,834005.0
2023-08-30 04:00:00+00:00,254.27,260.5,250.65,257.05,613431.0
2023-08-31 04:00:00+00:00,256.215,261.1,255.05,258.06,485304.0
2023-09-01 04:00:00+00:00,257.37,258.99,242.525,244.965,733464.0
2023-09-05 04:00:00+00:00,245.01,257.985,244.88,256.49,607162.0
2023-09-06 04:00:00+00:00,255.0,255.17,245.11,251.99,584619.0
2023-09-07 04:00:00+00:00,244.95,252.77,243.355,251.48,600115.0
2023-09-08 04:00:00+00:00,251.415,256.49,246.85,248.42,643680.0
2023-09-11 04:00:00+00:00,264.21,274.825,260.67,273.63,1167982.0
2023-09-12 04:00:00+00:00,270.745,278.22,266.72,267.41,819739.0
2023-09-13 04:00:00+00:00,270.29,274.955,268.19,271.27,670825.0
2023-09-14 04:00:00+00:00,271.37,276.64,270.48,276.0,577269.0
2023-09-15 04:00:00+00:00,277.82,278.805,271.135,274.44,613861.0
2023-09-18 04:00:00+00:00,271.1,271.31,263.8,265.27,548522.0
2023-09-19 04:00:00+00:00,264.2,267.83,261.3,266.48,434034.0
2023-09-20 04:00:00+00:00,267.135,273.78,262.49,262.565,638231.0
2023-09-21 04:00:00+00:00,257.75,260.74,254.25,255.68,706019.0
2023-09-22 04:00:00+00:00,257.43,257.68,244.49,244.85,730784.0
2023-09-25 04:00:00+00:00,243.54,247.08,238.51,247.05,509466.0
2023-09-26 04:00:00+00:00,242.955,249.51,241.735,244.24,552394.0
2023-09-27 04:00:00+00:00,244.43,245.25,234.69,240.58,764488.0
2023-09-28 04:00:00+00:00,240.24,247.45,238.75,246.335,464359.0
2023-09-29 04:00:00+00:00,250.05,254.655,246.46,250.22,673690.0
2023-10-02 04:00:00+00:00,244.855,254.235,242.73,251.61,805529.0
2023-10-03 04:00:00+00:00,248.635,250.0,244.465,246.63,566789.0
2023-10-04 04:00:00+00:00,248.25,261.83,247.62,261.07,719863.0
2023-10-05 04:00:00+00:00,259.8,263.46,256.295,260.08,658002.0
2023-10-06 04:00:00+00:00,253.79,261.61,250.68,260.52,709986.0
2023-10-09 04:00:00+00:00,255.28,261.31,252.12,259.68,524060.0
2023-10-10 04:00:00+00:00,257.91,268.91,257.79,263.67,563138.0
2023-10-11 04:00:00+00:00,266.21,268.495,260.91,262.94,463850.0
2023-10-12 04:00:00+00:00,262.89,265.36,256.64,259.005,528530.0
2023-10-13 04:00:00+00:00,259.0,259.59,250.23,251.19,562857.0
2023-10-16 04:00:00+00:00,250.05,255.39,248.48,253.79,519612.0
2023-10-17 04:00:00+00:00,250.045,257.15,247.11,254.93,439910.0
2023-10-18 04:00:00+00:00,252.75,254.535,242.12,242.55,948417.0
2023-10-19 04:00:00+00:00,225.56,230.525,216.81,220.14,1644541.0
2023-10-20 04:00:00+00:00,217.075,218.74,210.51,211.94,1122666.0
2023-10-23 04:00:00+00:00,209.84,216.79,202.53,212.02,883326.0
2023-10-24 04:00:00+00:00,216.43,221.945,214.23,216.51,781634.0
2023-10-25 04:00:00+00:00,215.92,220.07,212.2,212.37,825367.0
2023-10-26 04:00:00+00:00,211.345,214.755,204.94,205.72,740859.0
2023-10-27 04:00:00+00:00,210.57,212.355,205.87,207.305,746586.0
2023-10-30 04:00:00+00:00,209.43,210.66,194.7,197.36,1022855.0
2023-10-31 04:00:00+00:00,195.78,202.78,194.07,200.88,710435.0
2023-11-01 04:00:00+00:00,204.09,205.96,197.89,205.63,760741.0
2023-11-02 04:00:00+00:00,212.96,219.14,211.54,218.56,755958.0
2023-11-03 04:00:00+00:00,221.16,226.22,218.505,219.95,748939.0
2023-11-06 05:00:00+00:00,224.21,226.21,215.01,219.33,455908.0
2023-11-07 05:00:00+00:00,220.02,223.06,215.76,222.26,443186.0
2023-11-08 05:00:00+00:00,223.03,224.02,217.65,222.1,383562.0
2023-11-09 05:00:00+00:00,219.785,220.8,206.82,209.98,849611.0
2023-11-10 05:00:00+00:00,210.04,215.32,205.73,214.71,583249.0
2023-11-13 05:00:00+00:00,215.57,225.34,211.7,223.76,551421.0
2023-11-14 05:00:00+00:00,235.13,238.125,230.81,237.42,686436.0
2023-11-15 05:00:00+00:00,239.325,246.66,236.635,242.9,674969.0
2023-11-16 05:00:00+00:00,239.46,240.745,230.97,233.41,774494.0
2023-11-17 05:00:00+00:00,231.925,237.37,226.57,234.37,557986.0
2023-11-20 05:00:00+00:00,234.23,237.08,231.22,235.73,462177.0
2023-11-21 05:00:00+00:00,235.055,243.57,233.43,241.26,651500.0
2023-11-22 05:00:00+00:00,242.055,243.85,231.505,234.25,425087.0
2023-11-24 05:00:00+00:00,233.86,238.72,232.4,235.51,261120.0
2023-11-27 05:00:00+00:00,236.91,238.325,232.195,236.14,409127.0
2023-11-28 05:00:00+00:00,236.73,246.935,234.045,246.725,674378.0
2023-11-29 05:00:00+00:00,249.37,252.7,242.79,244.19,617573.0
2023-11-30 05:00:00+00:00,245.17,245.17,236.985,239.79,640237.0
2023-12-01 05:00:00+00:00,233.11,240.15,231.98,238.75,542908.0
2023-12-04 05:00:00+00:00,235.57,239.3,233.35,235.59,367376.0
2023-12-05 05:00:00+00:00,233.79,246.64,233.76,238.84,542949.0
2023-12-06 05:00:00+00:00,243.265,246.49,239.19,239.4,595759.0
2023-12-07 05:00:00+00:00,241.465,244.0,236.99,242.59,373720.0
2023-12-08 05:00:00+00:00,240.11,245.17,239.455,243.77,344705.0
2023-12-11 05:00:00+00:00,242.69,243.195,237.49,239.52,422596.0
2023-12-12 05:00:00+00:00,238.345,238.51,233.94,237.04,410495.0
2023-12-13 05:00:00+00:00,234.15,240.265,228.23,239.28,680541.0
2023-12-14 05:00:00+00:00,241.125,253.87,240.855,251.125,1422260.0
2023-12-15 05:00:00+00:00,251.35,254.12,248.45,253.35,827052.0
2023-12-18 05:00:00+00:00,253.91,258.675,251.44,252.06,510636.0
2023-12-19 05:00:00+00:00,253.44,258.3,253.065,257.18,496219.0
2023-12-20 05:00:00+00:00,256.47,259.82,247.01,247.21,607944.0
2023-12-21 05:00:00+00:00,251.81,254.745,248.58,254.47,502628.0
2023-12-22 05:00:00+00:00,256.63,258.185,251.405,252.57,358173.0
2023-12-26 05:00:00+00:00,254.45,257.94,252.97,256.68,300021.0
2023-12-27 05:00:00+00:00,258.24,263.285,257.63,261.47,320365.0
2023-12-28 05:00:00+00:00,263.52,265.06,252.75,253.26,465514.0
2023-12-29 05:00:00+00:00,255.09,255.14,247.49,248.46,402669.0
2024-01-02 05:00:00+00:00,250.1,251.17,244.55,248.48,491314.0
2024-01-03 05:00:00+00:00,245.05,245.64,236.4,238.44,826974.0
2024-01-04 05:00:00+00:00,239.21,242.67,237.8,237.94,356107.0
2024-01-05 05:00:00+00:00,236.74,239.99,235.03,237.48,350952.0
2024-01-08 05:00:00+00:00,236.0,241.18,235.385,240.42,421830.0
2024-01-09 05:00:00+00:00,238.01,238.9,232.11,234.88,424334.0
2024-01-10 05:00:00+00:00,235.0,235.49,231.35,233.89,412480.0
2024-01-11 05:00:00+00:00,230.44,230.75,225.37,227.23,510249.0
2024-01-12 05:00:00+00:00,220.05,225.31,217.18,218.83,675656.0
2024-01-16 05:00:00+00:00,215.17,223.41,212.21,219.97,538385.0
2024-01-17 05:00:00+00:00,214.85,215.65,212.01,215.54,805991.0
2024-01-18 05:00:00+00:00,216.83,217.39,208.78,211.8,683922.0
2024-01-19 05:00:00+00:00,209.84,213.15,207.61,212.13,559002.0
2024-01-22 05:00:00+00:00,212.17,217.8,206.27,208.8,1104480.0
2024-01-23 05:00:00+00:00,211.49,215.585,207.76,209.13,685942.0
2024-01-24 05:00:00+00:00,211.835,212.67,206.78,207.86,775218.0
2024-01-25 05:00:00+00:00,189.74,192.71,180.07,182.63,2233557.0
2024-01-26 05:00:00+00:00,185.67,186.465,182.15,183.225,634870.0
2024-01-29 05:00:00+00:00,185.55,191.41,183.71,190.965,901742.0
2024-01-30 05:00:00+00:00,195.21,196.35,190.63,191.59,614305.0
2024-01-31 05:00:00+00:00,186.775,193.93,185.95,187.24,699975.0
2024-02-01 05:00:00+00:00,188.51,189.83,184.3,188.81,500574.0
2024-02-02 05:00:00+00:00,184.955,188.62,182.2,187.83,950950.0
2024-02-05 05:00:00+00:00,184.2,184.64,175.02,181.05,919860.0
2024-02-06 05:00:00+00:00,177.23,186.47,177.23,185.07,885081.0
2024-02-07 05:00:00+00:00,188.03,189.77,182.77,187.61,735585.0
2024-02-08 05:00:00+00:00,188.785,191.6,185.59,189.59,459517.0
2024-02-09 05:00:00+00:00,190.11,194.01,189.76,193.53,329985.0
2024-02-12 05:00:00+00:00,192.14,194.67,187.33,188.16,463510.0
2024-02-13 05:00:00+00:00,184.01,187.245,182.17,184.06,548463.0
2024-02-14 05:00:00+00:00,185.1,188.88,183.48,188.64,407562.0
2024-02-15 05:00:00+00:00,189.185,200.87,188.99,200.49,728933.0
2024-02-16 05:00:00+00:00,202.13,203.15,197.43,199.99,549752.0
2024-02-20 05:00:00+00:00,196.21,198.55,189.17,193.74,551437.0
2024-02-21 05:00:00+00:00,193.15,199.425,191.98,194.77,435707.0
2024-02-22 05:00:00+00:00,194.12,198.3,191.41,197.34,734721.0
2024-02-23 05:00:00+00:00,195.16,197.47,191.73,191.97,445127.0
2024-02-26 05:00:00+00:00,192.15,201.75,192.035,199.39,597446.0
2024-02-27 05:00:00+00:00,203.75,205.5,198.27,199.79,559779.0
2024-02-28 05:00:00+00:00,200.285,205.125,198.55,202.09,390818.0
2024-02-29 05:00:00+00:00,204.13,205.26,198.5,201.81,390956.0
2024-03-01 05:00:00+00:00,200.53,204.43,198.5,202.6,389014.0
2024-03-04 05:00:00+00:00,198.69,199.62,186.76,188.21,769127.0
2024-03-05 05:00:00+00:00,182.87,184.445,177.57,180.83,905284.0
2024-03-06 05:00:00+00:00,180.03,181.53,173.715,176.48,759003.0
2024-03-07 05:00:00+00:00,174.31,180.0,173.75,178.58,701727.0
2024-03-08 05:00:00+00:00,181.55,182.71,174.72,175.27,498625.0
2024-03-11 04:00:00+00:00,175.37,182.76,174.91,177.86,554542.0
2024-03-12 04:00:00+00:00,177.7,179.41,172.43,177.44,526513.0
2024-03-13 04:00:00+00:00,173.05,175.98,169.16,169.5,655848.0
2024-03-14 04:00:00+00:00,167.58,171.07,160.54,162.51,1214261.0
2024-03-15 04:00:00+00:00,162.87,165.11,160.8,163.6,789946.0
2024-03-18 04:00:00+00:00,170.09,174.62,165.91,173.79,1051923.0
2024-03-19 04:00:00+00:00,172.19,172.745,167.445,171.345,702247.0
2024-03-20 04:00:00+00:00,172.84,176.225,170.855,175.56,556914.0
2024-03-21 04:00:00+00:00,176.36,178.15,171.81,172.77,467540.0
2024-03-22 04:00:00+00:00,166.8,171.17,166.345,170.8,465002.0
2024-03-25 04:00:00+00:00,168.74,175.13,168.74,172.64,596544.0
2024-03-26 04:00:00+00:00,178.625,184.23,177.38,177.7,971088.0
2024-03-27 04:00:00+00:00,181.44,181.89,176.03,179.88,508592.0
2024-03-28 04:00:00+00:00,177.54,179.54,175.34,175.72,461630.0
2024-04-01 04:00:00+00:00,176.13,176.72,170.24,175.25,773036.0
2024-04-02 04:00:00+00:00,164.74,167.69,163.48,166.64,1274571.0
2024-04-03 04:00:00+00:00,164.01,168.76,163.3,168.42,870292.0
2024-04-04 04:00:00+00:00,170.21,177.115,168.03,171.18,872460.0
2024-04-05 04:00:00+00:00,169.175,170.825,160.58,164.86,1662946.0
2024-04-08 04:00:00+00:00,169.33,174.45,167.8,172.99,734889.0
2024-04-09 04:00:00+00:00,172.98,179.175,172.07,176.96,578735.0
2024-04-10 04:00:00+00:00,173.03,174.9,170.02,171.78,477427.0
2024-04-11 04:00:00+00:00,172.53,175.87,168.57,174.6,950658.0
2024-04-12 04:00:00+00:00,172.31,173.75,170.375,171.06,620583.0
2024-04-15 04:00:00+00:00,170.19,170.59,161.38,161.5,832034.0
2024-04-16 04:00:00+00:00,156.67,158.17,153.785,157.07,786851.0
2024-04-17 04:00:00+00:00,157.67,158.3,153.81,155.45,567716.0
2024-04-18 04:00:00+00:00,151.25,152.2,148.74,149.89,688032.0
2024-04-19 04:00:00+00:00,148.89,150.76,146.24,147.01,804722.0
2024-04-22 04:00:00+00:00,140.61,144.38,138.855,142.04,885865.0
2024-04-23 04:00:00+00:00,143.17,147.21,141.15,144.63,724804.0
2024-04-24 04:00:00+00:00,162.88,167.96,157.61,162.11,2039422.0
2024-04-25 04:00:00+00:00,158.89,170.75,158.38,170.29,923933.0
2024-04-26 04:00:00+00:00,168.925,172.05,166.38,168.23,631963.0
2024-04-29 04:00:00+00:00,188.44,198.86,184.585,194.08,2804150.0
2024-04-30 04:00:00+00:00,186.96,190.83,182.86,183.34,898567.0
2024-05-01 04:00:00+00:00,181.97,185.805,179.11,180.01,471006.0
2024-05-02 04:00:00+00:00,182.99,184.5,176.05,180.12,612003.0
2024-05-03 04:00:00+00:00,182.08,184.62,178.46,181.25,461648.0
2024-05-06 04:00:00+00:00,183.995,187.52,182.25,184.89,422347.0
2024-05-07 04:00:00+00:00,182.76,183.15,177.4,177.9,367976.0
2024-05-08 04:00:00+00:00,171.55,176.03,170.15,174.69,560664.0
2024-05-09 04:00:00+00:00,174.965,175.54,171.4,171.98,428401.0
2024-05-10 04:00:00+00:00,173.01,173.02,167.75,168.49,488394.0
2024-05-13 04:00:00+00:00,169.98,175.14,169.05,171.92,379059.0
2024-05-14 04:00:00+00:00,174.535,179.465,174.11,177.64,479762.0
2024-05-15 04:00:00+00:00,179.78,179.78,173.19,174.07,383784.0
2024-05-16 04:00:00+00:00,174.06,175.77,171.5,174.86,390581.0
2024-05-17 04:00:00+00:00,173.475,179.62,172.775,177.54,547091.0
2024-05-20 04:00:00+00:00,177.57,177.65,173.52,175.0,425628.0
2024-05-21 04:00:00+00:00,174.85,186.875,174.82,186.63,1053089.0
2024-05-22 04:00:00+00:00,182.765,183.48,178.22,180.19,403411.0
2024-05-23 04:00:00+00:00,181.52,181.52,173.31,173.79,526964.0
2024-05-24 04:00:00+00:00,174.835,180.06,173.935,179.25,387999.0
2024-05-28 04:00:00+00:00,176.32,178.15,173.33,176.74,390485.0
2024-05-29 04:00:00+00:00,174.15,178.04,174.0,176.26,406861.0
2024-05-30 04:00:00+00:00,178.46,182.615,175.47,178.765,660233.0
2024-05-31 04:00:00+00:00,178.44,180.25,173.865,178.12,306751.0
2024-06-03 04:00:00+00:00,178.03,182.575,174.505,176.24,378058.0
2024-06-04 04:00:00+00:00,174.73,177.755,174.02,174.78,394650.0
2024-06-05 04:00:00+00:00,175.35,176.13,172.195,174.96,392401.0
2024-06-06 04:00:00+00:00,174.44,179.63,172.76,177.99,506074.0
2024-06-07 04:00:00+00:00,176.26,179.32,175.585,177.47,309544.0
2024-06-10 04:00:00+00:00,176.02,178.515,173.18,173.89,394930.0
2024-06-11 04:00:00+00:00,173.88,174.47,167.46,170.58,460684.0
2024-06-12 04:00:00+00:00,171.185,180.51,169.94,177.31,1073621.0
2024-06-13 04:00:00+00:00,188.275,191.01,181.325,182.4,995522.0
2024-06-14 04:00:00+00:00,185.8,185.97,176.93,178.01,582519.0
2024-06-17 04:00:00+00:00,177.935,188.81,177.305,187.43,993440.0
2024-06-18 04:00:00+00:00,186.505,186.95,182.4,184.885,823563.0
2024-06-20 04:00:00+00:00,184.7,185.15,179.7,181.49,436292.0
2024-06-21 04:00:00+00:00,182.13,183.95,180.73,183.03,421488.0
2024-06-24 04:00:00+00:00,184.91,188.33,182.56,182.68,521789.0
2024-06-25 04:00:00+00:00,184.19,187.955,182.19,187.39,429876.0
2024-06-26 04:00:00+00:00,186.48,197.73,186.45,196.325,612917.0
2024-06-27 04:00:00+00:00,195.14,198.63,194.18,197.41,677155.0
2024-06-28 04:00:00+00:00,199.53,203.115,195.28,197.99,612088.0
2024-07-01 04:00:00+00:00,201.0,213.17,200.93,209.97,1080763.0
2024-07-02 04:00:00+00:00,218.84,231.2,218.115,231.14,1477815.0
2024-07-03 04:00:00+00:00,234.63,248.29,234.255,246.6,1075211.0
2024-07-05 04:00:00+00:00,250.055,252.29,242.5,251.69,829881.0
2024-07-08 04:00:00+00:00,247.73,259.39,244.64,252.88,981605.0
2024-07-09 04:00:00+00:00,251.1,265.6,250.375,262.33,1187541.0
2024-07-10 04:00:00+00:00,262.765,267.58,257.95,263.37,592798.0
2024-07-11 04:00:00+00:00,263.365,270.8,239.71,240.72,1378992.0
2024-07-12 04:00:00+00:00,235.78,251.81,233.1,248.32,729233.0
2024-07-15 04:00:00+00:00,255.99,265.23,251.78,252.76,735092.0
2024-07-16 04:00:00+00:00,255.31,258.59,245.925,256.565,518511.0
2024-07-17 04:00:00+00:00,252.875,258.22,246.3,248.45,534654.0
2024-07-18 04:00:00+00:00,251.1,257.06,247.44,249.085,541613.0
2024-07-19 04:00:00+00:00,247.78,248.99,236.91,239.24,643467.0
2024-07-22 04:00:00+00:00,244.21,253.17,244.07,251.45,645695.0
2024-07-23 04:00:00+00:00,253.4,255.75,245.65,246.48,623809.0
2024-07-24 04:00:00+00:00,225.205,225.91,214.715,215.72,1427471.0
2024-07-25 04:00:00+00:00,216.795,225.97,216.28,220.29,896560.0
2024-07-26 04:00:00+00:00,221.2,222.18,215.44,219.79,537234.0
2024-07-29 04:00:00+00:00,224.905,234.2,224.905,231.985,577127.0
2024-07-30 04:00:00+00:00,232.31,232.37,220.12,222.58,604362.0
2024-07-31 04:00:00+00:00,227.95,234.49,226.79,232.0,410028.0
2024-08-01 04:00:00+00:00,227.4,231.845,214.4,216.94,1028466.0
2024-08-02 04:00:00+00:00,214.885,216.08,205.8,207.68,1103680.0
2024-08-05 04:00:00+00:00,185.08,203.85,182.01,198.96,1072240.0
2024-08-06 04:00:00+00:00,201.12,202.885,192.775,200.37,831851.0
2024-08-07 04:00:00+00:00,200.77,203.45,191.495,191.82,632497.0
2024-08-08 04:00:00+00:00,195.91,200.68,192.13,198.97,412244.0
2024-08-09 04:00:00+00:00,196.92,200.86,195.16,199.99,434119.0
2024-08-12 04:00:00+00:00,198.94,199.21,194.73,197.55,690174.0
2024-08-13 04:00:00+00:00,198.61,208.44,197.1,207.9,833266.0
2024-08-14 04:00:00+00:00,207.5,208.33,198.8,201.37,498882.0
2024-08-15 04:00:00+00:00,205.29,215.83,205.04,214.205,913424.0
2024-08-16 04:00:00+00:00,211.08,219.77,210.9,216.19,743200.0
2024-08-19 04:00:00+00:00,217.09,222.97,214.14,222.73,689481.0
2024-08-20 04:00:00+00:00,224.74,228.15,219.575,221.09,860681.0
2024-08-21 04:00:00+00:00,222.6,224.59,218.88,223.21,484491.0
2024-08-22 04:00:00+00:00,223.99,224.7,210.33,210.75,666856.0
2024-08-23 04:00:00+00:00,214.505,221.45,214.48,220.25,797564.0
2024-08-26 04:00:00+00:00,218.725,218.95,211.01,213.24,695531.0
2024-08-27 04:00:00+00:00,213.28,215.59,207.025,209.14,436659.0
2024-08-28 04:00:00+00:00,209.75,211.48,202.6,205.71,530316.0
2024-08-29 04:00:00+00:00,209.82,214.79,205.98,206.31,678868.0
2024-08-30 04:00:00+00:00,208.79,214.565,207.15,214.2,567599.0
2024-09-03 04:00:00+00:00,215.19,219.79,209.65,210.66,729607.0
2024-09-04 04:00:00+00:00,210.61,222.18,210.57,219.43,723060.0
2024-09-05 04:00:00+00:00,223.62,234.99,222.64,230.04,832263.0
2024-09-06 04:00:00+00:00,232.645,233.53,210.585,210.62,954786.0
2024-09-09 04:00:00+00:00,216.16,219.81,213.7,216.41,458285.0
2024-09-10 04:00:00+00:00,220.02,226.4,218.72,226.32,582448.0
2024-09-11 04:00:00+00:00,224.45,228.4,216.83,228.14,899397.0
2024-09-12 04:00:00+00:00,224.93,231.435,224.06,229.8,468948.0
2024-09-13 04:00:00+00:00,227.86,232.62,226.42,230.23,630697.0
2024-09-16 04:00:00+00:00,229.275,229.93,223.63,226.9,648729.0
2024-09-17 04:00:00+00:00,229.49,234.51,226.6,227.575,383914.0
2024-09-18 04:00:00+00:00,230.06,235.625,226.93,227.12,479369.0
2024-09-19 04:00:00+00:00,234.02,244.24,232.3,243.92,1125164.0
2024-09-20 04:00:00+00:00,241.52,243.94,235.93,238.33,943871.0
2024-09-23 04:00:00+00:00,242.535,250.0,241.98,249.99,654043.0
2024-09-24 04:00:00+00:00,254.08,257.07,249.3,254.27,980014.0
2024-09-25 04:00:00+00:00,252.625,257.01,252.32,257.0,723524.0
2024-09-26 04:00:00+00:00,260.62,261.55,251.59,254.125,617612.0
2024-09-27 04:00:00+00:00,257.33,260.675,254.29,260.44,510746.0
2024-09-30 04:00:00+00:00,259.055,264.74,255.92,261.68,826692.0
2024-10-01 04:00:00+00:00,262.73,263.95,248.745,258.01,492731.0
2024-10-02 04:00:00+00:00,247.63,251.1,241.55,249.1,776714.0
2024-10-03 04:00:00+00:00,244.48,249.73,237.93,240.7,584275.0
2024-10-04 04:00:00+00:00,246.645,250.91,244.61,250.035,672432.0
2024-10-07 04:00:00+00:00,249.05,249.575,240.745,240.85,455739.0
2024-10-08 04:00:00+00:00,243.715,246.2,240.65,244.47,633766.0
2024-10-09 04:00:00+00:00,243.82,247.395,239.52,241.02,846048.0
2024-10-10 04:00:00+00:00,241.955,242.75,232.4,238.7,821182.0
2024-10-11 04:00:00+00:00,220.05,223.275,214.52,217.76,1627640.0
2024-10-14 04:00:00+00:00,220.135,221.875,213.755,219.16,1297690.0
2024-10-15 04:00:00+00:00,220.08,224.26,217.2,219.575,724532.0
2024-10-16 04:00:00+00:00,221.41,222.79,219.02,221.32,428765.0
2024-10-17 04:00:00+00:00,221.44,222.07,217.94,220.88,650884.0
2024-10-18 04:00:00+00:00,220.67,222.27,219.24,220.69,383914.0
2024-10-21 04:00:00+00:00,218.86,220.46,215.74,218.9,586733.0
2024-10-22 04:00:00+00:00,217.31,218.2,215.31,217.96,691043.0
2024-10-23 04:00:00+00:00,216.88,218.645,212.14,213.74,797801.0
2024-10-24 04:00:00+00:00,244.645,262.09,242.72,260.48,2662166.0
2024-10-25 04:00:00+00:00,255.91,269.485,255.34,269.16,2137209.0
2024-10-28 04:00:00+00:00,269.965,273.49,262.3,262.495,941200.0
2024-10-29 04:00:00+00:00,264.64,264.94,255.545,259.5,835170.0
2024-10-30 04:00:00+00:00,257.99,263.35,255.9,257.595,703031.0
2024-10-31 04:00:00+00:00,258.02,259.65,249.31,249.82,666953.0
2024-11-01 04:00:00+00:00,251.93,254.0,246.65,248.85,662165.0
2024-11-04 05:00:00+00:00,244.55,248.84,238.955,242.91,685256.0
2024-11-05 05:00:00+00:00,247.4,255.19,246.36,251.44,711880.0
2024-11-06 05:00:00+00:00,284.725,289.56,275.81,288.56,2141148.0
2024-11-07 05:00:00+00:00,289.045,299.72,285.64,297.01,1405209.0
2024-11-08 05:00:00+00:00,299.14,328.59,297.715,321.175,2204163.0
2024-11-11 05:00:00+00:00,346.365,358.56,336.02,350.315,2179040.0
2024-11-12 05:00:00+00:00,342.645,345.62,323.39,328.54,1537138.0
2024-11-13 05:00:00+00:00,335.935,344.48,322.6,330.29,895360.0
2024-11-14 05:00:00+00:00,327.81,329.92,310.39,311.08,1117724.0
2024-11-15 05:00:00+00:00,310.85,324.63,309.33,320.95,1010709.0
2024-11-18 05:00:00+00:00,340.725,348.49,330.01,338.71,1327574.0
2024-11-19 05:00:00+00:00,335.765,347.31,332.99,345.88,950295.0
2024-11-20 05:00:00+00:00,345.05,346.58,334.33,342.07,604672.0
2024-11-21 05:00:00+00:00,343.825,347.87,335.34,339.69,559920.0
2024-11-22 05:00:00+00:00,340.99,356.54,337.8,352.67,672497.0
2024-11-25 05:00:00+00:00,360.495,361.81,338.2,338.57,709226.0
2024-11-26 05:00:00+00:00,341.08,346.96,335.69,338.19,554903.0
2024-11-27 05:00:00+00:00,341.88,342.44,326.83,332.92,445343.0
2024-11-29 05:00:00+00:00,336.235,345.2,334.8,345.13,292912.0
2024-12-02 05:00:00+00:00,352.44,359.98,351.17,356.91,439735.0
2024-12-03 05:00:00+00:00,351.325,355.65,348.22,351.39,525719.0
2024-12-04 05:00:00+00:00,353.26,358.09,348.61,357.73,400117.0
2024-12-05 05:00:00+00:00,359.99,375.39,359.64,369.4,992077.0
2024-12-06 05:00:00+00:00,377.19,389.43,370.89,389.27,682149.0
2024-12-09 05:00:00+00:00,397.61,404.75,378.22,389.99,711423.0
2024-12-10 05:00:00+00:00,392.64,409.64,390.92,401.0,1033835.0
2024-12-11 05:00:00+00:00,409.83,424.81,402.56,424.67,1051928.0
2024-12-12 05:00:00+00:00,424.805,429.25,415.0,418.18,715069.0
2024-12-13 05:00:00+00:00,420.35,436.255,415.76,436.24,658977.0
2024-12-16 05:00:00+00:00,441.07,463.11,436.3,463.11,1065311.0
2024-12-17 05:00:00+00:00,475.39,483.82,457.75,479.86,1252960.0
2024-12-18 05:00:00+00:00,466.495,488.45,427.11,440.49,1285094.0
2024-12-19 05:00:00+00:00,451.99,456.32,420.03,436.16,1010431.0
2024-12-20 05:00:00+00:00,425.135,447.015,417.925,421.13,747481.0
2024-12-23 05:00:00+00:00,430.865,432.64,417.0,424.7,158426.0
2024-12-24 05:00:00+00:00,435.92,462.4,435.28,462.27,349563.0
2024-12-26 05:00:00+00:00,465.01,465.2,451.04,454.15,470369.0
2024-12-27 05:00:00+00:00,449.05,449.82,426.59,431.7,524440.0
2024-12-30 05:00:00+00:00,419.105,427.0,415.76,417.41,579297.0
2024-12-31 05:00:00+00:00,423.79,427.675,402.68,403.74,572891.0
2025-01-02 05:00:00+00:00,390.43,392.42,373.2,379.49,901790.0
2025-01-03 05:00:00+00:00,381.39,411.84,379.45,410.43,755417.0
2025-01-06 05:00:00+00:00,423.25,426.31,401.785,411.21,586072.0
2025-01-07 05:00:00+00:00,405.65,414.185,390.02,394.56,679866.0
2025-01-08 05:00:00+00:00,393.05,402.09,387.62,394.95,834969.0
2025-01-10 05:00:00+00:00,391.59,399.07,384.33,394.72,557079.0
2025-01-13 05:00:00+00:00,383.16,403.77,380.35,403.31,546335.0
2025-01-14 05:00:00+00:00,414.775,422.62,394.68,396.14,511547.0
2025-01-15 05:00:00+00:00,410.15,429.76,405.7,428.19,573031.0
2025-01-16 05:00:00+00:00,423.26,423.26,409.25,413.8,469916.0
2025-01-17 05:00:00+00:00,421.3,439.66,419.93,426.55,501315.0
2025-01-21 05:00:00+00:00,432.69,432.77,406.33,423.46,618321.0
2025-01-22 05:00:00+00:00,416.72,427.945,414.65,414.84,424182.0
2025-01-23 05:00:00+00:00,416.11,420.325,409.0,412.14,293943.0
2025-01-24 05:00:00+00:00,414.5,418.0,405.86,406.49,480349.0
2025-01-27 05:00:00+00:00,394.655,406.6,389.04,397.41,571035.0
2025-01-28 05:00:00+00:00,396.72,400.55,386.8,398.19,385722.0
2025-01-29 05:00:00+00:00,395.15,398.54,384.575,388.17,664792.0
2025-01-30 05:00:00+00:00,410.575,412.3,384.5,400.17,1237906.0
2025-01-31 05:00:00+00:00,401.54,419.97,401.425,404.68,968990.0
2025-02-03 05:00:00+00:00,386.68,389.16,374.36,383.77,1015789.0
2025-02-04 05:00:00+00:00,382.51,393.94,381.41,392.19,574785.0
2025-02-05 05:00:00+00:00,387.44,388.21,375.58,378.01,608211.0
2025-02-06 05:00:00+00:00,373.14,375.23,363.3,373.835,574865.0
2025-02-07 05:00:00+00:00,370.16,380.28,360.4,361.47,630144.0
2025-02-10 05:00:00+00:00,356.2,362.63,350.535,350.655,683263.0
2025-02-11 05:00:00+00:00,345.6,349.29,325.13,328.505,1110698.0
2025-02-12 05:00:00+00:00,330.0,346.36,329.23,336.44,846124.0
2025-02-13 05:00:00+00:00,345.1,358.56,342.87,355.98,671773.0
2025-02-14 05:00:00+00:00,360.53,361.92,347.625,355.92,661557.0
2025-02-18 05:00:00+00:00,355.01,358.99,350.04,354.1,314047.0
2025-02-19 05:00:00+00:00,353.93,367.34,353.82,360.55,517848.0
2025-02-20 05:00:00+00:00,361.7,362.3,348.03,354.44,433006.0
2025-02-21 05:00:00+00:00,353.31,354.92,334.485,337.66,831385.0
2025-02-24 05:00:00+00:00,338.0,342.3,324.71,330.765,606496.0
2025-02-25 05:00:00+00:00,327.04,327.42,297.325,302.76,1946906.0
2025-02-26 05:00:00+00:00,303.7,308.945,288.085,290.615,1013763.0
2025-02-27 05:00:00+00:00,290.71,297.18,280.92,281.97,1432360.0
2025-02-28 05:00:00+00:00,279.46,293.585,273.64,293.27,1329913.0
2025-03-03 05:00:00+00:00,300.585,303.89,277.4,284.81,1470188.0
2025-03-04 05:00:00+00:00,270.86,284.23,261.935,271.83,1590276.0
2025-03-05 05:00:00+00:00,272.93,279.54,267.81,279.27,979345.0
2025-03-06 05:00:00+00:00,272.005,272.43,260.09,263.44,1111695.0
2025-03-07 05:00:00+00:00,259.46,266.125,250.74,262.6,1306030.0
2025-03-10 04:00:00+00:00,252.49,253.34,220.225,222.09,2861222.0
2025-03-11 04:00:00+00:00,225.23,237.0,218.17,230.55,2559092.0
2025-03-12 04:00:00+00:00,247.35,251.81,241.12,248.145,1905319.0
2025-03-13 04:00:00+00:00,248.205,248.205,232.6,240.68,1210438.0
2025-03-14 04:00:00+00:00,247.31,251.56,240.75,249.92,870363.0
2025-03-17 04:00:00+00:00,245.015,245.09,232.84,237.86,1289419.0
2025-03-18 04:00:00+00:00,228.19,230.0,222.335,225.41,1036108.0
2025-03-19 04:00:00+00:00,231.575,241.35,229.27,235.72,1055030.0
2025-03-20 04:00:00+00:00,233.315,237.945,230.09,236.25,954143.0
2025-03-21 04:00:00+00:00,235.0,249.47,234.805,248.84,1092916.0
2025-03-24 04:00:00+00:00,258.075,278.62,256.34,278.43,1983277.0
2025-03-25 04:00:00+00:00,283.585,288.2,271.35,287.975,1822797.0
2025-03-26 04:00:00+00:00,282.635,284.52,266.71,271.97,1774346.0
2025-03-27 04:00:00+00:00,272.48,291.81,271.88,273.24,1879092.0
2025-03-28 04:00:00+00:00,275.575,276.01,260.63,263.54,1444372.0
2025-03-31 04:00:00+00:00,248.98,260.425,243.44,259.14,1650451.0
2025-04-01 04:00:00+00:00,263.82,277.44,259.28,268.535,1681012.0
2025-04-02 04:00:00+00:00,254.64,284.93,251.36,282.7,2581470.0
2025-04-03 04:00:00+00:00,265.31,276.23,261.54,267.17,1422914.0
2025-04-04 04:00:00+00:00,255.3,260.87,236.0,239.34,2683809.0
2025-04-07 04:00:00+00:00,223.75,252.0,214.35,233.3,2809708.0
2025-04-08 04:00:00+00:00,245.11,250.4,217.8,221.89,2711658.0
2025-04-09 04:00:00+00:00,224.605,274.57,223.97,272.12,2691349.0
2025-04-10 04:00:00+00:00,260.03,262.39,239.53,252.57,2487912.0
2025-04-11 04:00:00+00:00,251.93,257.67,241.48,252.23,1648934.0
2025-04-14 04:00:00+00:00,258.345,261.73,246.02,252.45,1342028.0
2025-04-15 04:00:00+00:00,249.91,258.74,247.59,254.11,704620.0
2025-04-16 04:00:00+00:00,247.69,251.91,233.91,241.47,1465318.0
2025-04-17 04:00:00+00:00,243.48,244.29,237.775,241.43,1033192.0
2025-04-21 04:00:00+00:00,230.3,232.005,222.81,227.5,1327270.0
2025-04-22 04:00:00+00:00,230.99,242.74,229.96,237.945,1444730.0
2025-04-23 04:00:00+00:00,254.855,259.43,244.45,250.73,1474161.0
2025-04-24 04:00:00+00:00,250.49,259.52,249.31,259.51,918266.0
2025-04-25 04:00:00+00:00,261.8,286.835,259.725,284.96,1821105.0
2025-04-28 04:00:00+00:00,288.95,294.83,272.48,285.95,1440239.0
2025-04-29 04:00:00+00:00,285.35,293.26,279.52,292.01,831544.0
2025-04-30 04:00:00+00:00,279.87,284.44,270.9,282.07,1015489.0
2025-05-01 04:00:00+00:00,280.23,290.82,279.9,280.52,800348.0
2025-05-02 04:00:00+00:00,285.0,294.74,279.82,287.17,1035220.0
2025-05-05 04:00:00+00:00,284.57,284.79,274.445,280.56,839226.0
2025-05-06 04:00:00+00:00,273.09,277.67,271.51,275.33,810383.0
2025-05-07 04:00:00+00:00,276.89,277.855,271.03,276.27,586000.0
2025-05-08 04:00:00+00:00,279.93,289.76,279.505,284.94,893783.0
2025-05-09 04:00:00+00:00,290.185,306.995,290.185,298.215,1034834.0
2025-05-12 04:00:00+00:00,321.98,322.105,311.6,318.5,1069883.0
2025-05-13 04:00:00+00:00,319.955,337.42,316.84,333.93,1281406.0
2025-05-14 04:00:00+00:00,342.48,350.0,337.13,347.62,1456200.0
2025-05-15 04:00:00+00:00,340.2,346.01,334.795,342.845,923632.0
2025-05-16 04:00:00+00:00,346.08,351.41,342.505,349.93,916166.0
2025-05-19 04:00:00+00:00,336.315,342.98,333.48,342.01,570218.0
2025-05-20 04:00:00+00:00,347.94,354.875,341.71,343.79,1087491.0
2025-05-21 04:00:00+00:00,344.44,347.27,332.26,334.54,810964.0
2025-05-22 04:00:00+00:00,331.905,347.25,331.66,340.79,786807.0
2025-05-23 04:00:00+00:00,337.18,343.075,333.26,339.215,843843.0
2025-05-27 04:00:00+00:00,347.485,363.705,347.36,362.75,1089729.0
2025-05-28 04:00:00+00:00,364.74,364.8,355.93,356.785,816361.0
2025-05-29 04:00:00+00:00,365.37,367.59,356.025,358.26,600711.0
2025-05-30 04:00:00+00:00,355.48,363.58,345.31,345.76,759228.0
2025-06-02 04:00:00+00:00,343.64,347.98,333.38,342.655,659917.0
2025-06-03 04:00:00+00:00,346.595,355.29,343.23,344.31,894123.0
2025-06-04 04:00:00+00:00,345.22,345.6,327.38,332.205,952100.0
2025-06-05 04:00:00+00:00,322.64,324.49,273.33,284.77,3677882.0
2025-06-06 04:00:00+00:00,298.83,305.435,291.23,295.11,1487838.0
2025-06-09 04:00:00+00:00,285.73,309.79,281.9,308.56,1194376.0
2025-06-10 04:00:00+00:00,315.01,327.65,310.71,326.105,906658.0
2025-06-11 04:00:00+00:00,332.97,335.41,322.76,326.6,1063554.0
2025-06-12 04:00:00+00:00,323.03,332.36,316.88,319.15,840492.0
2025-06-13 04:00:00+00:00,313.98,332.94,313.35,325.27,1143338.0
2025-06-16 04:00:00+00:00,331.22,332.03,326.46,329.1,746765.0
2025-06-17 04:00:00+00:00,325.94,326.56,314.78,316.23,916746.0
2025-06-18 04:00:00+00:00,317.255,329.23,315.58,322.055,605341.0
2025-06-20 04:00:00+00:00,327.545,332.295,317.93,322.31,722348.0
2025-06-23 04:00:00+00:00,327.935,357.45,327.935,348.58,1471230.0
2025-06-24 04:00:00+00:00,356.03,356.1,340.48,340.48,919166.0
2025-06-25 04:00:00+00:00,342.74,342.78,320.45,327.58,1309883.0
2025-06-26 04:00:00+00:00,324.695,330.85,323.68,325.73,616593.0
2025-06-27 04:00:00+00:00,324.465,329.27,317.55,323.79,696508.0
2025-06-30 04:00:00+00:00,319.74,325.46,316.765,317.76,658397.0
2025-07-01 04:00:00+00:00,298.46,305.82,293.32,300.705,1328749.0
2025-07-02 04:00:00+00:00,312.575,316.69,303.87,315.645,1026601.0
2025-07-03 04:00:00+00:00,317.9,318.38,312.795,315.22,500207.0
2025-07-07 04:00:00+00:00,291.42,296.135,288.82,294.01,1883274.0
2025-07-08 04:00:00+00:00,296.89,304.0,294.45,297.85,1124574.0
2025-07-09 04:00:00+00:00,297.6,300.05,293.57,296.095,605599.0
2025-07-10 04:00:00+00:00,300.05,310.45,300.01,309.9,1012505.0
2025-07-11 04:00:00+00:00,307.71,314.04,305.69,313.46,679781.0
2025-07-14 04:00:00+00:00,317.66,322.51,312.69,316.95,638837.0
2025-07-15 04:00:00+00:00,319.7,321.13,310.54,310.7,620535.0
2025-07-16 04:00:00+00:00,312.83,323.42,312.82,321.7,872936.0
2025-07-17 04:00:00+00:00,323.16,324.3,317.12,319.31,622987.0
2025-07-18 04:00:00+00:00,321.985,330.87,321.6,329.68,795309.0
2025-07-21 04:00:00+00:00,334.37,337.91,327.05,328.56,569494.0
2025-07-22 04:00:00+00:00,329.305,335.35,321.61,332.195,735608.0
2025-07-23 04:00:00+00:00,330.815,336.04,328.7,333.04,880442.0
2025-07-24 04:00:00+00:00,309.9,309.9,300.49,305.16,1979726.0
2025-07-25 04:00:00+00:00,308.72,323.57,308.17,316.07,1025171.0
2025-07-28 04:00:00+00:00,317.71,330.46,315.87,325.47,793533.0
2025-07-29 04:00:00+00:00,325.74,325.74,318.32,321.25,669736.0
2025-07-30 04:00:00+00:00,322.245,324.22,311.745,319.15,731709.0
2025-07-31 04:00:00+00:00,319.605,321.235,306.14,308.665,944566.0
2025-08-01 04:00:00+00:00,306.205,309.235,297.86,302.68,824765.0
2025-08-04 04:00:00+00:00,308.73,312.07,303.265,309.22,820442.0
2025-08-05 04:00:00+00:00,309.04,312.34,305.64,308.635,519755.0
2025-08-06 04:00:00+00:00,308.04,320.43,307.09,319.95,700542.0
2025-08-07 04:00:00+00:00,319.83,322.4,316.195,322.31,514150.0
2025-08-08 04:00:00+00:00,321.595,335.0,321.455,329.69,745473.0
2025-08-11 04:00:00+00:00,334.675,346.59,334.47,339.185,751403.0
2025-08-12 04:00:00+00:00,345.105,345.105,333.02,340.785,499270.0
2025-08-13 04:00:00+00:00,341.71,348.9,338.275,339.305,384503.0
2025-08-14 04:00:00+00:00,335.49,340.425,330.575,335.67,526749.0
2025-08-15 04:00:00+00:00,337.54,339.06,327.04,330.62,592681.0
2025-08-18 04:00:00+00:00,329.86,336.26,329.86,335.09,432597.0
2025-08-19 04:00:00+00:00,335.655,340.5,327.93,329.32,595157.0
2025-08-20 04:00:00+00:00,329.58,331.34,314.61,323.91,604008.0
2025-08-21 04:00:00+00:00,322.125,324.72,318.785,320.08,336152.0
2025-08-22 04:00:00+00:00,321.855,340.23,319.97,340.0,718642.0
2025-08-25 04:00:00+00:00,338.92,349.53,335.05,346.6,533774.0
2025-08-26 04:00:00+00:00,344.82,351.84,343.73,351.7,532173.0
2025-08-27 04:00:00+00:00,351.83,355.285,349.29,349.47,400321.0
2025-08-28 04:00:00+00:00,351.07,353.29,340.28,345.9,431588.0
2025-08-29 04:00:00+00:00,347.6,348.63,331.745,333.86,733145.0
2025-09-02 04:00:00+00:00,328.34,333.19,325.95,329.31,687492.0
2025-09-03 04:00:00+00:00,335.03,343.33,328.52,334.07,929099.0
2025-09-04 04:00:00+00:00,335.52,338.86,331.57,338.62,684226.0
2025-09-05 04:00:00+00:00,347.925,355.82,344.79,350.82,1589263.0
2025-09-08 04:00:00+00:00,354.935,358.33,344.9,346.34,930870.0
2025-09-09 04:00:00+00:00,348.58,350.64,343.86,347.07,581463.0
2025-09-10 04:00:00+00:00,350.55,356.285,346.24,347.84,743850.0
2025-09-11 04:00:00+00:00,350.245,368.85,347.825,368.85,866624.0
2025-09-12 04:00:00+00:00,370.93,396.62,370.39,396.0,1935885.0
2025-09-15 04:00:00+00:00,423.59,425.56,402.46,410.21,1935848.0
2025-09-16 04:00:00+00:00,414.27,423.22,411.5,421.545,767075.0
2025-09-17 04:00:00+00:00,415.71,428.125,409.83,425.62,688227.0
2025-09-18 04:00:00+00:00,428.805,431.975,416.67,416.685,670941.0
2025-09-19 04:00:00+00:00,421.955,429.4,421.79,425.995,578586.0
2025-09-22 04:00:00+00:00,431.085,444.89,429.19,434.13,834776.0
2025-09-23 04:00:00+00:00,440.05,440.68,423.77,425.695,628335.0
2025-09-24 04:00:00+00:00,429.815,444.155,429.14,442.88,787202.0
2025-09-25 04:00:00+00:00,435.24,435.24,419.13,423.34,911111.0
2025-09-26 04:00:00+00:00,428.285,440.44,421.14,440.4,748437.0
2025-09-29 04:00:00+00:00,444.355,450.89,439.57,443.385,839454.0
2025-09-30 04:00:00+00:00,442.225,445.0,433.33,444.66,997215.0
2025-10-01 04:00:00+00:00,443.88,462.18,440.825,459.44,892133.0
2025-10-02 04:00:00+00:00,470.41,470.555,435.6,435.975,1419287.0
2025-10-03 04:00:00+00:00,443.545,446.735,416.81,429.86,1085119.0
2025-10-06 04:00:00+00:00,440.86,453.52,436.84,453.27,1000479.0
2025-10-07 04:00:00+00:00,447.82,452.54,432.475,433.09,989977.0
2025-10-08 04:00:00+00:00,437.075,441.29,425.4,438.61,689240.0
2025-10-09 04:00:00+00:00,431.74,436.33,426.33,435.35,1180158.0
2025-10-10 04:00:00+00:00,436.24,443.0,411.495,413.48,1795427.0
2025-10-13 04:00:00+00:00,423.155,436.84,419.74,435.89,1264924.0
2025-10-14 04:00:00+00:00,425.54,434.175,418.12,429.18,1329560.0
2025-10-15 04:00:00+00:00,434.715,440.445,426.36,435.19,1035790.0
2025-10-16 04:00:00+00:00,434.825,439.27,421.47,428.65,832425.0
2025-10-17 04:00:00+00:00,425.53,441.42,423.84,439.31,842285.0
2025-10-20 04:00:00+00:00,443.4,449.64,440.75,447.46,1314990.0
2025-10-21 04:00:00+00:00,445.65,449.125,442.1,442.53,1077251.0
2025-10-22 04:00:00+00:00,443.445,445.38,429.13,438.92,850751.0
2025-10-23 04:00:00+00:00,419.79,449.39,414.0,449.01,1632595.0
2025-10-24 04:00:00+00:00,447.24,451.66,430.27,433.67,1074976.0
2025-10-27 04:00:00+00:00,439.825,460.12,438.76,452.33,2293267.0
2025-10-28 04:00:00+00:00,454.71,467.0,451.97,460.6,1515692.0
2025-10-29 04:00:00+00:00,462.605,465.03,452.755,461.36,622518.0
2025-10-30 04:00:00+00:00,451.08,455.04,439.75,440.06,800002.0
2025-10-31 04:00:00+00:00,446.705,458.0,443.84,456.51,1720150.0
2025-11-03 05:00:00+00:00,456.085,473.68,453.91,468.23,977541.0
2025-11-04 05:00:00+00:00,454.49,460.145,443.815,443.97,941339.0
2025-11-05 05:00:00+00:00,451.995,466.26,440.77,462.2,1001334.0
2025-11-06 05:00:00+00:00,461.9,467.44,435.26,445.895,1539961.0
2025-11-07 05:00:00+00:00,437.92,437.955,421.9,429.39,1449932.0
2025-11-10 05:00:00+00:00,439.63,449.655,433.44,445.21,1206094.0
2025-11-11 05:00:00+00:00,439.5,442.41,432.485,439.47,904385.0
2025-11-12 05:00:00+00:00,442.105,442.22,426.605,430.625,577958.0
2025-11-13 05:00:00+00:00,423.175,424.36,396.535,401.94,1645067.0
2025-11-14 05:00:00+00:00,386.18,412.17,382.83,404.32,1192698.0
2025-11-17 05:00:00+00:00,398.86,423.94,398.86,409.02,1069142.0
2025-11-18 05:00:00+00:00,405.315,408.8,393.84,401.12,1158968.0
2025-11-19 05:00:00+00:00,406.18,411.67,398.63,404.07,867808.0
